{"data_time": 0.0012051104931742884, "eta_seconds": 203.12116992019583, "fast_rcnn/cls_accuracy": 0.998046875, "fast_rcnn/false_negative": 0.004166666666666667, "fast_rcnn/fg_cls_accuracy": 0.9958333333333333, "iteration": 19, "keypoint_head/num_fg_samples": 31.0, "loss_box_reg": 0.008355663157999516, "loss_cls": 0.0034178366186097264, "loss_keypoint": 8.104503631591797, "loss_mask": 0.01721186749637127, "loss_rpn_cls": 0.0004252299986546859, "loss_rpn_loc": 0.0065774391405284405, "lr": 1.9981000000000001e-07, "mask_rcnn/accuracy": 0.9926918872864106, "mask_rcnn/false_negative": 0.005661906468717134, "mask_rcnn/false_positive": 0.01100859092751387, "roi_head/num_bg_samples": 480.75, "roi_head/num_fg_samples": 31.25, "rpn/num_neg_anchors": 228.75, "rpn/num_pos_anchors": 27.25, "time": 1.128450944001088, "total_loss": 8.146666138869477}
{"data_time": 0.0012372724959277548, "eta_seconds": 176.66807008092292, "fast_rcnn/cls_accuracy": 0.9990234375, "fast_rcnn/false_negative": 0.0, "fast_rcnn/fg_cls_accuracy": 1.0, "iteration": 39, "keypoint_head/num_fg_samples": 30.25, "loss_box_reg": 0.0081823137588799, "loss_cls": 0.0032944442937150598, "loss_keypoint": 8.104357242584229, "loss_mask": 0.016836833208799362, "loss_rpn_cls": 0.0004641405394067988, "loss_rpn_loc": 0.006103031802922487, "lr": 3.9961e-07, "mask_rcnn/accuracy": 0.9927158880080957, "mask_rcnn/false_negative": 0.00518081471234558, "mask_rcnn/false_positive": 0.011057707518071816, "roi_head/num_bg_samples": 481.75, "roi_head/num_fg_samples": 30.25, "rpn/num_neg_anchors": 232.25, "rpn/num_pos_anchors": 23.75, "time": 1.063893343998643, "total_loss": 8.153490720345872}
{"data_time": 0.0011642099998425692, "eta_seconds": 155.65121544073918, "fast_rcnn/cls_accuracy": 0.9990234375, "fast_rcnn/false_negative": 0.0, "fast_rcnn/fg_cls_accuracy": 1.0, "iteration": 59, "keypoint_head/num_fg_samples": 29.5, "loss_box_reg": 0.009178889449685812, "loss_cls": 0.0025131761794909835, "loss_keypoint": 8.111096858978271, "loss_mask": 0.018474101088941097, "loss_rpn_cls": 0.00044798626913689077, "loss_rpn_loc": 0.00706803472712636, "lr": 5.9941e-07, "mask_rcnn/accuracy": 0.9921179621644853, "mask_rcnn/false_negative": 0.005694198936088558, "mask_rcnn/false_positive": 0.012673182435703007, "roi_head/num_bg_samples": 482.25, "roi_head/num_fg_samples": 29.75, "rpn/num_neg_anchors": 219.75, "rpn/num_pos_anchors": 36.25, "time": 1.172816922502534, "total_loss": 8.15447462456359}
{"data_time": 0.0032207015028689057, "eta_seconds": 134.53840349946404, "fast_rcnn/cls_accuracy": 0.9990234375, "fast_rcnn/false_negative": 0.0, "fast_rcnn/fg_cls_accuracy": 1.0, "iteration": 79, "keypoint_head/num_fg_samples": 31.0, "loss_box_reg": 0.008950112853199244, "loss_cls": 0.003654499538242817, "loss_keypoint": 8.094433784484863, "loss_mask": 0.01836144644767046, "loss_rpn_cls": 0.0005021228571422398, "loss_rpn_loc": 0.006454314570873976, "lr": 7.992100000000001e-07, "mask_rcnn/accuracy": 0.9919599170171582, "mask_rcnn/false_negative": 0.005823414178928259, "mask_rcnn/false_positive": 0.012376998204609687, "roi_head/num_bg_samples": 481.0, "roi_head/num_fg_samples": 31.0, "rpn/num_neg_anchors": 228.5, "rpn/num_pos_anchors": 27.5, "time": 1.136843897496874, "total_loss": 8.155662424003822}
{"data_time": 0.0012185789964860305, "eta_seconds": 112.11533624955337, "fast_rcnn/cls_accuracy": 0.9990234375, "fast_rcnn/false_negative": 0.0, "fast_rcnn/fg_cls_accuracy": 1.0, "iteration": 99, "keypoint_head/num_fg_samples": 31.75, "loss_box_reg": 0.008192865177989006, "loss_cls": 0.0038474095053970814, "loss_keypoint": 8.097130298614502, "loss_mask": 0.01802119705826044, "loss_rpn_cls": 0.0004448664258234203, "loss_rpn_loc": 0.006309247575700283, "lr": 9.990100000000002e-07, "mask_rcnn/accuracy": 0.9923793670010377, "mask_rcnn/false_negative": 0.0053817467961335295, "mask_rcnn/false_positive": 0.011320318336468172, "roi_head/num_bg_samples": 480.25, "roi_head/num_fg_samples": 31.75, "rpn/num_neg_anchors": 229.75, "rpn/num_pos_anchors": 26.25, "time": 1.1211427620000904, "total_loss": 8.147286105559033, "validation_loss": 8.160996485448518}
{"data_time": 0.0008992289949674159, "eta_seconds": 89.54976472014096, "fast_rcnn/cls_accuracy": 0.998046875, "fast_rcnn/false_negative": 0.0, "fast_rcnn/fg_cls_accuracy": 1.0, "iteration": 119, "keypoint_head/num_fg_samples": 31.0, "loss_box_reg": 0.00920729711651802, "loss_cls": 0.003948467434383929, "loss_keypoint": 8.110061168670654, "loss_mask": 0.01675496343523264, "loss_rpn_cls": 0.0004082058439962566, "loss_rpn_loc": 0.006055509904399514, "lr": 1.1988100000000001e-06, "mask_rcnn/accuracy": 0.9929455334765485, "mask_rcnn/false_negative": 0.005165875716136024, "mask_rcnn/false_positive": 0.010086297273825946, "roi_head/num_bg_samples": 481.0, "roi_head/num_fg_samples": 31.0, "rpn/num_neg_anchors": 229.25, "rpn/num_pos_anchors": 26.75, "time": 1.1043966650031507, "total_loss": 8.15293324367667}
{"data_time": 0.0011866169952554628, "eta_seconds": 67.29220598950633, "fast_rcnn/cls_accuracy": 0.998046875, "fast_rcnn/false_negative": 0.0, "fast_rcnn/fg_cls_accuracy": 1.0, "iteration": 139, "keypoint_head/num_fg_samples": 30.75, "loss_box_reg": 0.00815997738391161, "loss_cls": 0.0035082356771454215, "loss_keypoint": 8.096023082733154, "loss_mask": 0.01851725857704878, "loss_rpn_cls": 0.00038309239607769996, "loss_rpn_loc": 0.006272833561524749, "lr": 1.3986100000000003e-06, "mask_rcnn/accuracy": 0.9921177455357143, "mask_rcnn/false_negative": 0.005358247273121649, "mask_rcnn/false_positive": 0.0115880812531577, "roi_head/num_bg_samples": 481.25, "roi_head/num_fg_samples": 30.75, "rpn/num_neg_anchors": 229.75, "rpn/num_pos_anchors": 26.25, "time": 1.1665202814983786, "total_loss": 8.148367889421934}
{"data_time": 0.002918509504524991, "eta_seconds": 45.18382312002359, "fast_rcnn/cls_accuracy": 0.998046875, "fast_rcnn/false_negative": 0.0, "fast_rcnn/fg_cls_accuracy": 1.0, "iteration": 159, "keypoint_head/num_fg_samples": 29.25, "loss_box_reg": 0.008867878932505846, "loss_cls": 0.003638179274275899, "loss_keypoint": 8.086290836334229, "loss_mask": 0.017479837872087955, "loss_rpn_cls": 0.00048184487968683243, "loss_rpn_loc": 0.006522589363157749, "lr": 1.5984100000000003e-06, "mask_rcnn/accuracy": 0.9924398533871508, "mask_rcnn/false_negative": 0.005763150170922298, "mask_rcnn/false_positive": 0.012580110453562207, "roi_head/num_bg_samples": 482.5, "roi_head/num_fg_samples": 29.5, "rpn/num_neg_anchors": 228.75, "rpn/num_pos_anchors": 27.25, "time": 1.1836107340059243, "total_loss": 8.13711904725642}
{"data_time": 0.004750318497826811, "eta_seconds": 22.45472669994342, "fast_rcnn/cls_accuracy": 0.9990234375, "fast_rcnn/false_negative": 0.0, "fast_rcnn/fg_cls_accuracy": 1.0, "iteration": 179, "keypoint_head/num_fg_samples": 30.5, "loss_box_reg": 0.008206530939787626, "loss_cls": 0.0024193524150177836, "loss_keypoint": 8.091041564941406, "loss_mask": 0.01822709385305643, "loss_rpn_cls": 0.0003620995703386143, "loss_rpn_loc": 0.005190134281292558, "lr": 1.79821e-06, "mask_rcnn/accuracy": 0.9922281483254692, "mask_rcnn/false_negative": 0.005423377605772444, "mask_rcnn/false_positive": 0.010402680229534078, "roi_head/num_bg_samples": 481.25, "roi_head/num_fg_samples": 30.75, "rpn/num_neg_anchors": 225.75, "rpn/num_pos_anchors": 30.25, "time": 1.093138195494248, "total_loss": 8.142007541566272}
{"data_time": 0.0012635834937100299, "eta_seconds": 0.0, "fast_rcnn/cls_accuracy": 0.9990234375, "fast_rcnn/false_negative": 0.0, "fast_rcnn/fg_cls_accuracy": 1.0, "iteration": 199, "keypoint_head/num_fg_samples": 31.0, "loss_box_reg": 0.008554566651582718, "loss_cls": 0.002750379382632673, "loss_keypoint": 8.081251621246338, "loss_mask": 0.01867157779633999, "loss_rpn_cls": 0.0004142305988352746, "loss_rpn_loc": 0.005686224438250065, "lr": 1.99801e-06, "mask_rcnn/accuracy": 0.9921837498363565, "mask_rcnn/false_negative": 0.005113833593685172, "mask_rcnn/false_positive": 0.011967139434490907, "roi_head/num_bg_samples": 481.0,